{"cameraMode":{"drawMode":0,"name":"Shaded","section":"Shading Mode"},"sceneLighting":false,"audioPlay":false,"sceneViewState":{"m_AlwaysRefresh":false,"showFog":true,"showSkybox":true,"showFlares":true,"showImageEffects":true,"showParticleSystems":true,"showVisualEffectGraphs":true,"m_FxEnabled":true},"in2DMode":false,"pivot":{"x":-4.682044982910156,"y":8.609369277954102,"z":3.5162625312805177},"rotation":{"x":0.21199063956737519,"y":0.0011687305523082615,"z":-0.000252749741775915,"w":0.9772781729698181},"size":14.492095947265625,"orthographic":false}